<?xml version="1.0" encoding="UTF-8" standalone="no"?>
<!-- Licensed Materials - Property of IBM
			 5725-I43 (C) Copyright IBM Corp. 2006, 2013. All Rights Reserved.
			 US Government Users Restricted Rights - Use, duplication or
             disclosure restricted by GSA ADP Schedule Contract with IBM Corp. -->
<!-- Attribute "id" must be identical to application folder name -->
<application xmlns="http://www.worklight.com/application-descriptor" id="MyDebugProject" platformVersion="7.1.0.00.20150701-1651">
    <displayName>MyDebugProject</displayName>
    <description>MyDebugProject</description>
    <author>
        <name>application's author</name>
        <email>application author's e-mail</email>
        <homepage>http://mycompany.com</homepage>
        <copyright>Copyright My Company</copyright>
    </author>
    <mainFile>index.html</mainFile>
    <features/>
    <targetCategory>UNDEFINED</targetCategory>
    <thumbnailImage>common/images/thumbnail.png</thumbnailImage>
    <userIdentityRealms/>
    <accessTokenExpiration>3600</accessTokenExpiration>
    <windowsPhone8 version="1.0">
        <uuid>d83a0b99-a48e-4ca3-a873-a7566823723f</uuid>
    </windowsPhone8>
</application>
