<?xml version="1.0" encoding="UTF-8" standalone="no"?>
<!-- Licensed Materials - Property of IBM
			 5725-I43 (C) Copyright IBM Corp. 2006, 2013. All Rights Reserved.
			 US Government Users Restricted Rights - Use, duplication or
             disclosure restricted by GSA ADP Schedule Contract with IBM Corp. -->
<!-- Attribute "id" must be identical to application folder name -->
<application xmlns="http://www.worklight.com/application-descriptor" id="MyDebugWin8UniAppProj" platformVersion="7.1.0.00.20150701-1651">
    <displayName>MyDebugWin8UniAppProj</displayName>
    <description>MyDebugWin8UniAppProj</description>
    <author>
        <name>application's author</name>
        <email>application author's e-mail</email>
        <homepage>http://mycompany.com</homepage>
        <copyright>Copyright My Company</copyright>
    </author>
    <mainFile>index.html</mainFile>
    <features/>
    <targetCategory>UNDEFINED</targetCategory>
    <thumbnailImage>common/images/thumbnail.png</thumbnailImage>
    <userIdentityRealms/>
    <accessTokenExpiration>3600</accessTokenExpiration>
    <windows8 version="1.0">
        <description>windows8 is the identifier for Windows Desktop Universal app</description>
        <uuid>23bba7b3-86c5-41f3-878c-a7dcccd3cd01</uuid>
    </windows8>
    <windowsphoneuniversal version="1.0">
        <description>windowsphoneuniversal is the identifier for Windows Phone Universal</description>
        <uuid>93f477b5-f464-4532-bb95-e4724790d68f</uuid>
    </windowsphoneuniversal>
</application>
