<?xml version="1.0" encoding="UTF-8"?>

<Deployment xmlns="http://schemas.microsoft.com/windowsphone/2012/deployment" AppPlatformVersion="8.0">  
    <DefaultLanguage xmlns="" code="en"></DefaultLanguage>  
    <!--  Sample ProductID = {dc34eee1-b946-4ab2-a93a-aa794c2e5618} -->  
    <App xmlns="" ProductID="{d83a0b99-a48e-4ca3-a873-a7566823723f}" Title="MyDebugProject" RuntimeType="Silverlight" Version="1.0" Genre="apps.normal" Author="application's author" Description="MyDebugProject" Publisher="application's author" PublisherID="{d9389539-ee4e-49e3-8c1f-a7741e4f77b9}">  
        <IconPath IsRelative="true" IsResource="false">ApplicationIcon.png</IconPath>  
        <Capabilities> 
            <Capability Name="ID_CAP_NETWORKING"/>  
            <Capability Name="ID_CAP_MEDIALIB_AUDIO"/>  
            <Capability Name="ID_CAP_MEDIALIB_PLAYBACK"/>  
            <Capability Name="ID_CAP_SENSORS"/>  
            <Capability Name="ID_CAP_WEBBROWSERCOMPONENT"/>  
            <Capability Name="ID_CAP_LOCATION"/>  
            <Capability Name="ID_CAP_IDENTITY_DEVICE"/> 
        </Capabilities>  
        <Tasks> 
            <DefaultTask Name="_default" NavigationPage="MainPage.xaml"/> 
        </Tasks>  
        <Tokens> 
            <PrimaryToken TokenID="projectNameToken" TaskName="_default"> 
                <TemplateFlip> 
                    <SmallImageURI IsResource="false" IsRelative="true">Background.png</SmallImageURI>  
                    <Count>0</Count>  
                    <BackgroundImageURI IsResource="false" IsRelative="true">Background.png</BackgroundImageURI>  
                    <Title>MyDebugProject</Title>  
                    <BackContent/>  
                    <BackBackgroundImageURI/>  
                    <BackTitle/>  
                    <DeviceLockImageURI/>  
                    <HasLarge>false</HasLarge> 
                </TemplateFlip> 
            </PrimaryToken> 
        </Tokens>  
        <ScreenResolutions> 
            <ScreenResolution Name="ID_RESOLUTION_WVGA"/>  
            <ScreenResolution Name="ID_RESOLUTION_WXGA"/>  
            <ScreenResolution Name="ID_RESOLUTION_HD720P"/> 
        </ScreenResolutions> 
    </App> 
</Deployment>
